[
    {
        "event_id": "f47ac10b-58cc-4372-a567-0e02b2c3d479",
        "cam_id": 1,
        "cam_name": "Pump Bay 1 - Front View",
        "site_name": "HP Petrol Pump - Andheri West",
        "site_id": "HP_ANW_001",
        "location": {
            "type": "Point",
            "coordinates": [
                72.8362,
                19.1364
            ]
        },
        "address": {
            "country": "India",
            "state": "Maharashtra",
            "district": "Mumbai Suburban",
            "city": "Mumbai",
            "pincode": "400058"
        },
        "detection_count": 5,
        "people_count": 3,
        "vehicle_count": 2,
        "pump_metrics": {
            "nozzle_in_use": true,
            "fuel_type": "petrol",
            "pump_number": 2,
            "queue_length": 1,
            "transaction_active": true
        },
        "event_type": "event",
        "event_status": "warning",
        "capture_triggered": true,
        "processed_at": "2026-01-07T04:45:00.000Z",
        "event_timestamp": "2026-01-07T04:44:55.000Z",
        "detections": [
            {
                "class_id": 0,
                "label": "person",
                "confidence": 0.92,
                "bbox": {
                    "left": 450,
                    "top": 320,
                    "width": 120,
                    "height": 280
                },
                "object_id": 101
            },
            {
                "class_id": 0,
                "label": "person",
                "confidence": 0.88,
                "bbox": {
                    "left": 620,
                    "top": 340,
                    "width": 100,
                    "height": 250
                },
                "object_id": 102
            },
            {
                "class_id": 2,
                "label": "car",
                "confidence": 0.95,
                "bbox": {
                    "left": 100,
                    "top": 200,
                    "width": 400,
                    "height": 300
                },
                "object_id": 201
            },
            {
                "class_id": 6,
                "label": "mobile_phone",
                "confidence": 0.78,
                "bbox": {
                    "left": 480,
                    "top": 380,
                    "width": 25,
                    "height": 50
                },
                "object_id": 301
            },
            {
                "class_id": 4,
                "label": "nozzle",
                "confidence": 0.91,
                "bbox": {
                    "left": 550,
                    "top": 450,
                    "width": 60,
                    "height": 120
                },
                "object_id": 401
            }
        ],
        "event_triggers": [
            "MOBILE_PHONE_USE"
        ],
        "triage": null,
        "ai_insights": "Detected 1 potential safety concern. Customer using mobile phone near active fuel dispenser. Confidence: 0.78",
        "evidence": {
            "image_path": "/evidence/HP_ANW_001/img_1736228695000.jpg",
            "video_path": "/evidence/HP_ANW_001/clip_1736228695000.mp4",
            "thumbnail_path": "/evidence/HP_ANW_001/thumb_1736228695000.jpg"
        },
        "display_labels": [
            "Customer",
            "Employee - Rajesh",
            "Car - MH02AB1234"
        ],
        "recognitions": [
            {
                "identity": "Stranger",
                "confidence": 0.85,
                "identity_id": null
            },
            {
                "identity": "Employee - Rajesh Kumar",
                "confidence": 0.94,
                "identity_id": 1001
            }
        ]
    },
    {
        "event_id": "550e8400-e29b-41d4-a716-446655440001",
        "cam_id": 3,
        "cam_name": "Pump Bay 3 - Side View",
        "site_name": "HP Petrol Pump - Andheri West",
        "site_id": "HP_ANW_001",
        "location": {
            "type": "Point",
            "coordinates": [
                72.8362,
                19.1364
            ]
        },
        "address": {
            "country": "India",
            "state": "Maharashtra",
            "district": "Mumbai Suburban",
            "city": "Mumbai",
            "pincode": "400058"
        },
        "detection_count": 4,
        "people_count": 2,
        "vehicle_count": 1,
        "pump_metrics": {
            "nozzle_in_use": true,
            "fuel_type": "diesel",
            "pump_number": 3,
            "queue_length": 0,
            "transaction_active": true
        },
        "event_type": "event",
        "event_status": "critical",
        "capture_triggered": true,
        "processed_at": "2026-01-07T03:22:00.000Z",
        "event_timestamp": "2026-01-07T03:21:45.000Z",
        "detections": [
            {
                "class_id": 0,
                "label": "person",
                "confidence": 0.89,
                "bbox": {
                    "left": 380,
                    "top": 290,
                    "width": 110,
                    "height": 270
                },
                "object_id": 103
            },
            {
                "class_id": 0,
                "label": "person",
                "confidence": 0.91,
                "bbox": {
                    "left": 520,
                    "top": 310,
                    "width": 95,
                    "height": 260
                },
                "object_id": 104
            },
            {
                "class_id": 7,
                "label": "cigarette",
                "confidence": 0.82,
                "bbox": {
                    "left": 410,
                    "top": 340,
                    "width": 15,
                    "height": 8
                },
                "object_id": 302
            },
            {
                "class_id": 3,
                "label": "truck",
                "confidence": 0.96,
                "bbox": {
                    "left": 50,
                    "top": 150,
                    "width": 600,
                    "height": 450
                },
                "object_id": 202
            }
        ],
        "event_triggers": [
            "SMOKING_DETECTED"
        ],
        "triage": null,
        "ai_insights": "CRITICAL: Smoking detected near active diesel pump. Immediate intervention required. Confidence: 0.82",
        "evidence": {
            "image_path": "/evidence/HP_ANW_001/img_1736223705000.jpg",
            "video_path": "/evidence/HP_ANW_001/clip_1736223705000.mp4",
            "thumbnail_path": "/evidence/HP_ANW_001/thumb_1736223705000.jpg"
        },
        "display_labels": [
            "Customer - Smoking",
            "Truck Driver"
        ],
        "recognitions": [
            {
                "identity": "Stranger",
                "confidence": 0.79,
                "identity_id": null
            },
            {
                "identity": "Regular Customer #127",
                "confidence": 0.86,
                "identity_id": 5127
            }
        ]
    },
    {
        "event_id": "6ba7b810-9dad-11d1-80b4-00c04fd430c8",
        "cam_id": 4,
        "cam_name": "Entrance Gate - ANPR",
        "site_name": "Indian Oil - Connaught Place",
        "site_id": "IOCL_CP_002",
        "location": {
            "type": "Point",
            "coordinates": [
                77.2167,
                28.6315
            ]
        },
        "address": {
            "country": "India",
            "state": "Delhi",
            "district": "New Delhi",
            "city": "New Delhi",
            "pincode": "110001"
        },
        "detection_count": 3,
        "people_count": 1,
        "vehicle_count": 2,
        "pump_metrics": {
            "nozzle_in_use": false,
            "fuel_type": null,
            "pump_number": null,
            "queue_length": 3,
            "transaction_active": false
        },
        "event_type": "metric",
        "event_status": "safe",
        "capture_triggered": true,
        "processed_at": "2026-01-07T02:15:00.000Z",
        "event_timestamp": "2026-01-07T02:14:50.000Z",
        "detections": [
            {
                "class_id": 2,
                "label": "car",
                "confidence": 0.97,
                "bbox": {
                    "left": 200,
                    "top": 300,
                    "width": 450,
                    "height": 320
                },
                "object_id": 203
            },
            {
                "class_id": 8,
                "label": "license_plate",
                "confidence": 0.93,
                "bbox": {
                    "left": 320,
                    "top": 550,
                    "width": 120,
                    "height": 40
                },
                "object_id": 501
            },
            {
                "class_id": 0,
                "label": "person",
                "confidence": 0.85,
                "bbox": {
                    "left": 600,
                    "top": 280,
                    "width": 80,
                    "height": 200
                },
                "object_id": 105
            }
        ],
        "event_triggers": [
            "LICENSE_PLATE_CAPTURED"
        ],
        "triage": null,
        "ai_insights": "Vehicle entry logged. License Plate: DL4CAB1234. Queue length: 3 vehicles.",
        "evidence": {
            "image_path": "/evidence/IOCL_CP_002/img_1736219690000.jpg",
            "video_path": null,
            "thumbnail_path": "/evidence/IOCL_CP_002/thumb_1736219690000.jpg"
        },
        "display_labels": [
            "Car - DL4CAB1234"
        ],
        "recognitions": []
    },
    {
        "event_id": "6ba7b811-9dad-11d1-80b4-00c04fd430c9",
        "cam_id": 2,
        "cam_name": "Pump Bay 2 - Front View",
        "site_name": "BPCL PetroMax - Kormangala",
        "site_id": "BPCL_KR_003",
        "location": {
            "type": "Point",
            "coordinates": [
                77.6245,
                12.9352
            ]
        },
        "address": {
            "country": "India",
            "state": "Karnataka",
            "district": "Bengaluru Urban",
            "city": "Bengaluru",
            "pincode": "560034"
        },
        "detection_count": 6,
        "people_count": 4,
        "vehicle_count": 1,
        "pump_metrics": {
            "nozzle_in_use": true,
            "fuel_type": "petrol",
            "pump_number": 2,
            "queue_length": 0,
            "transaction_active": true
        },
        "event_type": "event",
        "event_status": "warning",
        "capture_triggered": true,
        "processed_at": "2026-01-06T23:30:00.000Z",
        "event_timestamp": "2026-01-06T23:29:45.000Z",
        "detections": [
            {
                "class_id": 0,
                "label": "person",
                "confidence": 0.94,
                "bbox": {
                    "left": 300,
                    "top": 250,
                    "width": 100,
                    "height": 280
                },
                "object_id": 106
            },
            {
                "class_id": 0,
                "label": "person",
                "confidence": 0.88,
                "bbox": {
                    "left": 420,
                    "top": 270,
                    "width": 90,
                    "height": 260
                },
                "object_id": 107
            },
            {
                "class_id": 0,
                "label": "person",
                "confidence": 0.76,
                "bbox": {
                    "left": 520,
                    "top": 350,
                    "width": 50,
                    "height": 120
                },
                "object_id": 108
            },
            {
                "class_id": 0,
                "label": "person",
                "confidence": 0.91,
                "bbox": {
                    "left": 600,
                    "top": 260,
                    "width": 95,
                    "height": 270
                },
                "object_id": 109
            },
            {
                "class_id": 2,
                "label": "car",
                "confidence": 0.95,
                "bbox": {
                    "left": 150,
                    "top": 200,
                    "width": 380,
                    "height": 300
                },
                "object_id": 204
            },
            {
                "class_id": 4,
                "label": "nozzle",
                "confidence": 0.89,
                "bbox": {
                    "left": 350,
                    "top": 400,
                    "width": 55,
                    "height": 110
                },
                "object_id": 402
            }
        ],
        "event_triggers": [
            "CHILD_AT_PUMP",
            "CROWD_DETECTED"
        ],
        "triage": null,
        "ai_insights": "Warning: Child (estimated age 6-8) detected near active fuel pump. Family with 2 adults and 1 child. Attendant present.",
        "evidence": {
            "image_path": "/evidence/BPCL_KR_003/img_1736209785000.jpg",
            "video_path": "/evidence/BPCL_KR_003/clip_1736209785000.mp4",
            "thumbnail_path": "/evidence/BPCL_KR_003/thumb_1736209785000.jpg"
        },
        "display_labels": [
            "Adult Male",
            "Adult Female",
            "Child",
            "Employee - Suresh"
        ],
        "recognitions": [
            {
                "identity": "Stranger",
                "confidence": 0.82,
                "identity_id": null
            },
            {
                "identity": "Stranger",
                "confidence": 0.79,
                "identity_id": null
            },
            {
                "identity": "Stranger",
                "confidence": 0.65,
                "identity_id": null
            },
            {
                "identity": "Employee - Suresh Patel",
                "confidence": 0.96,
                "identity_id": 1004
            }
        ]
    },
    {
        "event_id": "6ba7b812-9dad-11d1-80b4-00c04fd430ca",
        "cam_id": 7,
        "cam_name": "Fuel Storage Area",
        "site_name": "Shell Fuel Station - Jubilee Hills",
        "site_id": "SHELL_JH_004",
        "location": {
            "type": "Point",
            "coordinates": [
                78.4106,
                17.4326
            ]
        },
        "address": {
            "country": "India",
            "state": "Telangana",
            "district": "Hyderabad",
            "city": "Hyderabad",
            "pincode": "500033"
        },
        "detection_count": 2,
        "people_count": 1,
        "vehicle_count": 0,
        "pump_metrics": {
            "nozzle_in_use": false,
            "fuel_type": null,
            "pump_number": null,
            "queue_length": 0,
            "transaction_active": false
        },
        "event_type": "event",
        "event_status": "critical",
        "capture_triggered": true,
        "processed_at": "2026-01-06T18:05:00.000Z",
        "event_timestamp": "2026-01-06T18:04:30.000Z",
        "detections": [
            {
                "class_id": 0,
                "label": "person",
                "confidence": 0.87,
                "bbox": {
                    "left": 400,
                    "top": 300,
                    "width": 100,
                    "height": 250
                },
                "object_id": 110
            },
            {
                "class_id": 5,
                "label": "fire_extinguisher",
                "confidence": 0.92,
                "bbox": {
                    "left": 180,
                    "top": 400,
                    "width": 40,
                    "height": 100
                },
                "object_id": 601
            }
        ],
        "event_triggers": [
            "UNAUTHORIZED_ACCESS"
        ],
        "triage": {
            "triaged_by": "Amit Singh",
            "notes": "Confirmed as authorized maintenance personnel. Badge verified manually.",
            "timestamp": "2026-01-06T18:10:00.000Z",
            "action_taken": "Marked as false positive"
        },
        "ai_insights": "ALERT: Unknown person detected in restricted fuel storage area. No employee match found.",
        "evidence": {
            "image_path": "/evidence/SHELL_JH_004/img_1736190270000.jpg",
            "video_path": "/evidence/SHELL_JH_004/clip_1736190270000.mp4",
            "thumbnail_path": "/evidence/SHELL_JH_004/thumb_1736190270000.jpg"
        },
        "display_labels": [
            "Unknown Person"
        ],
        "recognitions": [
            {
                "identity": "Stranger",
                "confidence": 0.91,
                "identity_id": null
            }
        ]
    },
    {
        "event_id": "6ba7b813-9dad-11d1-80b4-00c04fd430cb",
        "cam_id": 1,
        "cam_name": "Pump Bay 1 - Front View",
        "site_name": "Indian Oil - Connaught Place",
        "site_id": "IOCL_CP_002",
        "location": {
            "type": "Point",
            "coordinates": [
                77.2167,
                28.6315
            ]
        },
        "address": {
            "country": "India",
            "state": "Delhi",
            "district": "New Delhi",
            "city": "New Delhi",
            "pincode": "110001"
        },
        "detection_count": 4,
        "people_count": 2,
        "vehicle_count": 1,
        "pump_metrics": {
            "nozzle_in_use": true,
            "fuel_type": "cng",
            "pump_number": 1,
            "queue_length": 2,
            "transaction_active": true
        },
        "event_type": "metric",
        "event_status": "safe",
        "capture_triggered": false,
        "processed_at": "2026-01-07T05:00:00.000Z",
        "event_timestamp": "2026-01-07T04:59:55.000Z",
        "detections": [
            {
                "class_id": 0,
                "label": "person",
                "confidence": 0.93,
                "bbox": {
                    "left": 350,
                    "top": 280,
                    "width": 110,
                    "height": 290
                },
                "object_id": 111
            },
            {
                "class_id": 0,
                "label": "person",
                "confidence": 0.89,
                "bbox": {
                    "left": 500,
                    "top": 300,
                    "width": 100,
                    "height": 270
                },
                "object_id": 112
            },
            {
                "class_id": 2,
                "label": "car",
                "confidence": 0.96,
                "bbox": {
                    "left": 120,
                    "top": 180,
                    "width": 420,
                    "height": 340
                },
                "object_id": 205
            },
            {
                "class_id": 4,
                "label": "nozzle",
                "confidence": 0.88,
                "bbox": {
                    "left": 380,
                    "top": 420,
                    "width": 50,
                    "height": 100
                },
                "object_id": 403
            }
        ],
        "event_triggers": [],
        "triage": null,
        "ai_insights": "Normal operation. CNG refueling in progress. Estimated completion: 3 minutes.",
        "evidence": null,
        "display_labels": [
            "Customer",
            "Employee - Priya"
        ],
        "recognitions": [
            {
                "identity": "Stranger",
                "confidence": 0.84,
                "identity_id": null
            },
            {
                "identity": "Employee - Priya Sharma",
                "confidence": 0.97,
                "identity_id": 1003
            }
        ]
    },
    {
        "event_id": "6ba7b814-9dad-11d1-80b4-00c04fd430cc",
        "cam_id": 8,
        "cam_name": "Parking Lot - Overview",
        "site_name": "HP Petrol Pump - Andheri West",
        "site_id": "HP_ANW_001",
        "location": {
            "type": "Point",
            "coordinates": [
                72.8362,
                19.1364
            ]
        },
        "address": {
            "country": "India",
            "state": "Maharashtra",
            "district": "Mumbai Suburban",
            "city": "Mumbai",
            "pincode": "400058"
        },
        "detection_count": 8,
        "people_count": 3,
        "vehicle_count": 5,
        "pump_metrics": {
            "nozzle_in_use": false,
            "fuel_type": null,
            "pump_number": null,
            "queue_length": 4,
            "transaction_active": false
        },
        "event_type": "ai-info",
        "event_status": "safe",
        "capture_triggered": false,
        "processed_at": "2026-01-07T04:30:00.000Z",
        "event_timestamp": "2026-01-07T04:29:50.000Z",
        "detections": [
            {
                "class_id": 2,
                "label": "car",
                "confidence": 0.95,
                "bbox": {
                    "left": 50,
                    "top": 300,
                    "width": 200,
                    "height": 150
                },
                "object_id": 206
            },
            {
                "class_id": 2,
                "label": "car",
                "confidence": 0.94,
                "bbox": {
                    "left": 280,
                    "top": 320,
                    "width": 190,
                    "height": 140
                },
                "object_id": 207
            },
            {
                "class_id": 2,
                "label": "car",
                "confidence": 0.93,
                "bbox": {
                    "left": 500,
                    "top": 310,
                    "width": 195,
                    "height": 145
                },
                "object_id": 208
            },
            {
                "class_id": 1,
                "label": "motorcycle",
                "confidence": 0.91,
                "bbox": {
                    "left": 720,
                    "top": 350,
                    "width": 80,
                    "height": 100
                },
                "object_id": 209
            },
            {
                "class_id": 1,
                "label": "motorcycle",
                "confidence": 0.89,
                "bbox": {
                    "left": 820,
                    "top": 360,
                    "width": 75,
                    "height": 95
                },
                "object_id": 210
            },
            {
                "class_id": 0,
                "label": "person",
                "confidence": 0.87,
                "bbox": {
                    "left": 150,
                    "top": 400,
                    "width": 60,
                    "height": 150
                },
                "object_id": 113
            },
            {
                "class_id": 0,
                "label": "person",
                "confidence": 0.85,
                "bbox": {
                    "left": 580,
                    "top": 380,
                    "width": 55,
                    "height": 140
                },
                "object_id": 114
            },
            {
                "class_id": 0,
                "label": "person",
                "confidence": 0.83,
                "bbox": {
                    "left": 750,
                    "top": 420,
                    "width": 50,
                    "height": 130
                },
                "object_id": 115
            }
        ],
        "event_triggers": [],
        "triage": null,
        "ai_insights": "Parking lot analysis: 3 cars, 2 motorcycles. Current occupancy: 60%. Peak hour detected. Queue length: 4 vehicles.",
        "evidence": null,
        "display_labels": [
            "Car 1",
            "Car 2",
            "Car 3",
            "Bike 1",
            "Bike 2",
            "Customer 1",
            "Customer 2",
            "Customer 3"
        ],
        "recognitions": []
    },
    {
        "event_id": "6ba7b815-9dad-11d1-80b4-00c04fd430cd",
        "cam_id": 6,
        "cam_name": "Office Counter",
        "site_name": "BPCL PetroMax - Kormangala",
        "site_id": "BPCL_KR_003",
        "location": {
            "type": "Point",
            "coordinates": [
                77.6245,
                12.9352
            ]
        },
        "address": {
            "country": "India",
            "state": "Karnataka",
            "district": "Bengaluru Urban",
            "city": "Bengaluru",
            "pincode": "560034"
        },
        "detection_count": 3,
        "people_count": 3,
        "vehicle_count": 0,
        "pump_metrics": {
            "nozzle_in_use": false,
            "fuel_type": null,
            "pump_number": null,
            "queue_length": 0,
            "transaction_active": false
        },
        "event_type": "metric",
        "event_status": "warning",
        "capture_triggered": true,
        "processed_at": "2026-01-07T01:15:00.000Z",
        "event_timestamp": "2026-01-07T01:14:45.000Z",
        "detections": [
            {
                "class_id": 0,
                "label": "person",
                "confidence": 0.92,
                "bbox": {
                    "left": 200,
                    "top": 150,
                    "width": 120,
                    "height": 320
                },
                "object_id": 116
            },
            {
                "class_id": 0,
                "label": "person",
                "confidence": 0.88,
                "bbox": {
                    "left": 400,
                    "top": 180,
                    "width": 100,
                    "height": 290
                },
                "object_id": 117
            },
            {
                "class_id": 0,
                "label": "person",
                "confidence": 0.85,
                "bbox": {
                    "left": 550,
                    "top": 170,
                    "width": 110,
                    "height": 300
                },
                "object_id": 118
            }
        ],
        "event_triggers": [
            "CUSTOMER_WAITING_LONG"
        ],
        "triage": null,
        "ai_insights": "Customer waiting time exceeded 5 minutes at counter. 2 customers in queue. 1 staff member present.",
        "evidence": {
            "image_path": "/evidence/BPCL_KR_003/img_1736215485000.jpg",
            "video_path": null,
            "thumbnail_path": "/evidence/BPCL_KR_003/thumb_1736215485000.jpg"
        },
        "display_labels": [
            "Customer 1",
            "Customer 2",
            "Employee - Neha"
        ],
        "recognitions": [
            {
                "identity": "Stranger",
                "confidence": 0.80,
                "identity_id": null
            },
            {
                "identity": "VIP Customer - Mr. Sharma",
                "confidence": 0.91,
                "identity_id": 9001
            },
            {
                "identity": "Employee - Neha Gupta",
                "confidence": 0.95,
                "identity_id": 1005
            }
        ]
    },
    {
        "event_id": "6ba7b816-9dad-11d1-80b4-00c04fd430ce",
        "cam_id": 5,
        "cam_name": "Exit Gate - ANPR",
        "site_name": "Shell Fuel Station - Jubilee Hills",
        "site_id": "SHELL_JH_004",
        "location": {
            "type": "Point",
            "coordinates": [
                78.4106,
                17.4326
            ]
        },
        "address": {
            "country": "India",
            "state": "Telangana",
            "district": "Hyderabad",
            "city": "Hyderabad",
            "pincode": "500033"
        },
        "detection_count": 2,
        "people_count": 0,
        "vehicle_count": 1,
        "pump_metrics": {
            "nozzle_in_use": false,
            "fuel_type": null,
            "pump_number": null,
            "queue_length": 0,
            "transaction_active": false
        },
        "event_type": "metric",
        "event_status": "safe",
        "capture_triggered": true,
        "processed_at": "2026-01-07T04:50:00.000Z",
        "event_timestamp": "2026-01-07T04:49:55.000Z",
        "detections": [
            {
                "class_id": 2,
                "label": "car",
                "confidence": 0.97,
                "bbox": {
                    "left": 180,
                    "top": 280,
                    "width": 480,
                    "height": 350
                },
                "object_id": 211
            },
            {
                "class_id": 8,
                "label": "license_plate",
                "confidence": 0.94,
                "bbox": {
                    "left": 340,
                    "top": 560,
                    "width": 130,
                    "height": 45
                },
                "object_id": 502
            }
        ],
        "event_triggers": [
            "LICENSE_PLATE_CAPTURED"
        ],
        "triage": null,
        "ai_insights": "Vehicle exit logged. License Plate: TS09EF5678. Transaction completed. Total time: 8 minutes.",
        "evidence": {
            "image_path": "/evidence/SHELL_JH_004/img_1736228195000.jpg",
            "video_path": null,
            "thumbnail_path": "/evidence/SHELL_JH_004/thumb_1736228195000.jpg"
        },
        "display_labels": [
            "Car - TS09EF5678"
        ],
        "recognitions": []
    }
]